tracker_task_id,reviewer,comment_summary,category,priority,proposed_decision,experiment_ids,code_locations,manuscript_locations,acceptance_test,evidence_paths,current_status,blocker
G0-01,R7; Editor,Audit all 38 references against authoritative records,administrative,P0,"Use an authoritative-record audit for all 38 references. Retain verified records, remove current [25] and [37], and replace current [32] because its record/claim could not be validated.",N/A (non-experimental task),UNAVAILABLE: no source checkout supplied,References,Completed Reference Audit; final .bib diff; clean PDF citation-number cross-check.,reviews/D_MSTCN_Rejected_Manuscript.pdf;reviews/D_MSTCN_IEEE_Access_Resubmission_Tracker_Completed.xlsx,blocked,editable manuscript source unavailable
G0-02,R7,Resolve references [25] and [37] without prematurely calling them fabricated,citation,P0,"Remove current [25] and [37]. Replace [25] with Al Hanai, Ghassemi and Glass, Interspeech 2018 (DOI 10.21437/Interspeech.2018-2522) where sequence-based depression modeling is discussed; use existing MAML [31] for the cold-start meta-learning statement instead of inventing a separate personalized-cognition citation.",N/A (non-experimental task),UNAVAILABLE: no source checkout supplied,"References [25], [37]",Official ISCA record; MAML PMLR record; bibliography compile with no orphan citations.,reviews/D_MSTCN_Rejected_Manuscript.pdf;reviews/D_MSTCN_IEEE_Access_Resubmission_Tracker_Completed.xlsx,blocked,editable manuscript source unavailable
G0-03,R2; R7,Re-evaluate reference [32] and the multi-timescale neuroscience claim,citation,P0,"Remove current [32] and withdraw the EEG-band-to-smartphone-timescale argument. Use Honey et al., Neuron 2012 (DOI 10.1016/j.neuron.2012.10.011) only for the general existence of hierarchical temporal processing, not for the selected dilation values.",EXP-6.2;EXP-6.3,UNAVAILABLE: no source checkout supplied,"Sections II, III-A, VII-A",Replacement official record; receptive-field table; claim-to-citation audit.,reviews/D_MSTCN_Rejected_Manuscript.pdf;reviews/D_MSTCN_IEEE_Access_Resubmission_Tracker_Completed.xlsx,blocked,implementation/configs and raw run artifacts unavailable; editable manuscript source unavailable
G0-04,R7,Verify the StudentLife citation [1] against the official ACM record,citation,P0,"Retain StudentLife, but expand its metadata to the official ACM record (DOI 10.1145/2632048.2632054) and verify the full author list/order.",EXP-4.1,UNAVAILABLE: no source checkout supplied,Reference [1],ACM DOI record and compiled bibliography entry.,reviews/D_MSTCN_Rejected_Manuscript.pdf;reviews/D_MSTCN_IEEE_Access_Resubmission_Tracker_Completed.xlsx,blocked,implementation/configs and raw run artifacts unavailable; editable manuscript source unavailable
G0-05,R7; R3,Build a claim-to-citation matrix for every strong literature claim,citation,P0,Apply a claim-strength rule: every external factual claim receives a direct source; unsupported superlatives or mechanistic claims are deleted or softened.,N/A (non-experimental task),UNAVAILABLE: no source checkout supplied,Entire manuscript,Claim matrix; redlined manuscript; independent coauthor check.,reviews/D_MSTCN_Rejected_Manuscript.pdf;reviews/D_MSTCN_IEEE_Access_Resubmission_Tracker_Completed.xlsx,blocked,editable manuscript source unavailable
G0-06,R1; R6,Create a table-and-figure provenance map from raw logs,reproducibility,P0,"Do not carry any reported number into the resubmission unless it is mapped to a run ID, seed, split, configuration and raw output. Untraceable values must be rerun or removed.",EXP-2.1,UNAVAILABLE: no source checkout supplied,Tables 2–5; Figures 4–11,"Raw logs, run manifest, commit tag and regenerated tables/figures.",reviews/D_MSTCN_Rejected_Manuscript.pdf;reviews/D_MSTCN_IEEE_Access_Resubmission_Tracker_Completed.xlsx,blocked,implementation/configs and raw run artifacts unavailable; editable manuscript source unavailable
G0-07,R1,Resolve Reviewer 1's alleged 58.7 versus 68.7 mismatch correctly,methodology,P0,Respectfully rebut the alleged 58.7/68.7 discrepancy: the submitted prose and Table 2 both show 68.7 ± 2.3 for DataParallel-LSTM. Still rerun/trace the value and improve table legibility.,N/A (non-experimental task),UNAVAILABLE: no source checkout supplied,Section V-A; Table 2,Submitted PDF page 11; raw run summary reproducing the mean/SD; revised vector table.,reviews/D_MSTCN_Rejected_Manuscript.pdf;reviews/D_MSTCN_IEEE_Access_Resubmission_Tracker_Completed.xlsx,in_progress,No Gate P blocker; downstream task not yet executed
G0-08,Editor,Reconfirm the generative-AI disclosure is literally accurate,administrative,P0,Use an accurate disclosure covering language editing and reviewer-response organization; do not claim that AI had no substantive role unless all authors can verify that literally.,N/A (non-experimental task),UNAVAILABLE: no source checkout supplied,Acknowledgment / disclosure,Final disclosure approved in writing by both authors and aligned with current IEEE policy.,reviews/D_MSTCN_Rejected_Manuscript.pdf;reviews/D_MSTCN_IEEE_Access_Resubmission_Tracker_Completed.xlsx,blocked,editable manuscript source unavailable; author/institutional confirmation required
G0-09,Editor; R3,"Freeze and archive the exact code, configs and data manifests used for revision",data/leakage,P0,Create one immutable revision tag and manifest before reruns; all new results must point to it or a documented successor tag.,N/A (non-experimental task),UNAVAILABLE: no source checkout supplied,Supplement / reproducibility,"Git tag, lockfile, checksum manifest and reproduction command.",reviews/D_MSTCN_Rejected_Manuscript.pdf;reviews/D_MSTCN_IEEE_Access_Resubmission_Tracker_Completed.xlsx,blocked,datasets/split manifests/label provenance unavailable; editable manuscript source unavailable
G0-10,Editor,Conduct a coauthor integrity sign-off before technical revision proceeds,administrative,P0,"Require a written coauthor sign-off after reference and result audits, before treating the manuscript as scientifically ready.",N/A (non-experimental task),UNAVAILABLE: no source checkout supplied,Internal,Signed checklist or approval email retained in the submission archive.,reviews/D_MSTCN_Rejected_Manuscript.pdf;reviews/D_MSTCN_IEEE_Access_Resubmission_Tracker_Completed.xlsx,blocked,editable manuscript source unavailable
D1-01,R2; R3; R6,Decide: obtain true multi-node results or reframe as single-server multi-GPU,systems,P0,Choose Option B: reframe the work as single-server branch-parallel multi-GPU execution. Remove physical multi-node/cluster validation claims.,EXP-6.2;EXP-6.3,UNAVAILABLE: no source checkout supplied,"Title; Abstract; Sections I, IV-E, V, VIII, IX",Terminology audit; revised hardware section; removal/relabeling of multi-node tables and figures.,reviews/D_MSTCN_Rejected_Manuscript.pdf;reviews/D_MSTCN_IEEE_Access_Resubmission_Tracker_Completed.xlsx,blocked,implementation/configs and raw run artifacts unavailable; editable manuscript source unavailable
D1-02,R2; R3; R6,Decide how to address the small-dataset versus population-scale mismatch,data/leakage,P0,Remove 'thousands of participants' and population-scale validation language. Separate predictive modeling evidence from optional systems stress tests.,EXP-6.2;EXP-6.3,UNAVAILABLE: no source checkout supplied,Introduction; Limitations; Conclusion,"Search audit for 'thousands', 'population-scale', 'large cohort' and equivalent claims.",reviews/D_MSTCN_Rejected_Manuscript.pdf;reviews/D_MSTCN_IEEE_Access_Resubmission_Tracker_Completed.xlsx,blocked,implementation/configs and raw run artifacts unavailable; datasets/split manifests/label provenance unavailable; editable manuscript source unavailable
D1-03,R1; R2; R6,Formally validate whether standard DDP inherently violates temporal causality in this setup,correctness,P0,"Remove the broad assertion that standard DDP inherently violates temporal causality. Retain only a testable hypothesis for explicitly defined stateful/overlapping/asynchronous sequence settings, subject to controlled experiments.",EXP-0.4;EXP-3.1,UNAVAILABLE: no source checkout supplied,"Sections I-B, II-C, III-D, VII-C",Controlled experiment EX-01; matched effective batch/LR/sampler; revised formal definition.,reviews/D_MSTCN_Rejected_Manuscript.pdf;reviews/D_MSTCN_IEEE_Access_Resubmission_Tracker_Completed.xlsx,blocked,implementation/configs and raw run artifacts unavailable; editable manuscript source unavailable
D1-04,R1; R2,"Decide whether Theorem 1 is retained, replaced or removed",correctness,P0,Remove Theorem 1 and the convergence guarantee. Replace it with an operational invariant: branch version lag is capped by δ_max under the stated counter and synchronization rules.,N/A (non-experimental task),UNAVAILABLE: no source checkout supplied,Section III-D; Appendix,Revised algorithm semantics; counter unit tests; no 'convergence guarantee' remaining in PDF.,reviews/D_MSTCN_Rejected_Manuscript.pdf;reviews/D_MSTCN_IEEE_Access_Resubmission_Tracker_Completed.xlsx,blocked,editable manuscript source unavailable
D1-05,R3,Define the single strongest methodological novelty,methodology,P1,"Define the primary novelty as the co-designed multi-scale temporal architecture plus branch-parallel execution mapping; treat FiLM, dilated TCNs, attention and standard synchronization as established components.",N/A (non-experimental task),UNAVAILABLE: no source checkout supplied,Introduction; Related Work; Contributions,Related-work comparison table and contribution-to-evidence mapping.,reviews/D_MSTCN_Rejected_Manuscript.pdf;reviews/D_MSTCN_IEEE_Access_Resubmission_Tracker_Completed.xlsx,blocked,editable manuscript source unavailable
D1-06,R3,Select a title that matches the final evidence,writing,P1,Use the scope-matched title: 'A Multi-Scale Temporal Convolutional Network for Cognitive State Modeling with Branch-Parallel Multi-GPU Execution'.,N/A (non-experimental task),UNAVAILABLE: no source checkout supplied,Title,"Exact title identical across PDF, source and portal.",reviews/D_MSTCN_Rejected_Manuscript.pdf;reviews/D_MSTCN_IEEE_Access_Resubmission_Tracker_Completed.xlsx,blocked,editable manuscript source unavailable
D1-07,R2; R3,Create a manuscript-wide claim-strength policy,methodology,P1,"Ban unqualified 'first', 'guarantees', 'near-linear', 'population-scale', 'distributed nodes' and causal-mechanism wording unless directly supported after reruns.",N/A (non-experimental task),UNAVAILABLE: no source checkout supplied,Entire manuscript,Keyword search log and coauthor review of every retained strong claim.,reviews/D_MSTCN_Rejected_Manuscript.pdf;reviews/D_MSTCN_IEEE_Access_Resubmission_Tracker_Completed.xlsx,blocked,editable manuscript source unavailable
D1-08,Editor,Obtain guide approval on the revised paper identity before new writing,administrative,P0,Lock DEC-01 through DEC-07 as the revision baseline before reruns or rewriting.,N/A (non-experimental task),UNAVAILABLE: no source checkout supplied,Internal,Dated Decision Log with approver names.,reviews/D_MSTCN_Rejected_Manuscript.pdf;reviews/D_MSTCN_IEEE_Access_Resubmission_Tracker_Completed.xlsx,blocked,editable manuscript source unavailable; author/institutional confirmation required
T2-01,R1,Remove η notation overloading,correctness,P1,Reserve η_N for scaling efficiency and use α_lr (or γ_lr) for learning rate everywhere.,N/A (non-experimental task),UNAVAILABLE: no source checkout supplied,"Sections III-D, IV-C, IV-F; Tables 1 and 3",Symbol glossary and full-source search with no conflicting η uses.,reviews/D_MSTCN_Rejected_Manuscript.pdf;reviews/D_MSTCN_IEEE_Access_Resubmission_Tracker_Completed.xlsx,blocked,editable manuscript source unavailable
T2-02,R2,Derive and verify the exact receptive field for each branch,correctness,P0,"Use the two-convolution receptive-field formula implied by Eq. (2): R_b = 1 + 2(K-1)Σ_l r_{b,l}. For K=3 this gives 61, 481 and 1921 timesteps for the submitted schedules, subject to code confirmation.",EXP-0.1;EXP-5.1,UNAVAILABLE: no source checkout supplied,Section III-B; Figure 2,Model-code inspection; impulse/gradient receptive-field unit test; revised Figure 2.,reviews/D_MSTCN_Rejected_Manuscript.pdf;reviews/D_MSTCN_IEEE_Access_Resubmission_Tracker_Completed.xlsx,blocked,implementation/configs and raw run artifacts unavailable; editable manuscript source unavailable
T2-03,R2,Correct the personalization-adapter parameter count,correctness,P1,"Correct adapter accounting: per-subject parameters equal d_s (8 in the submitted default), while the FiLM generator matrices are shared. Report both exact shared and per-subject counts.",EXP-0.2;EXP-5.5;EXP-5.6,UNAVAILABLE: no source checkout supplied,Section III-B.4; Complexity,Parameter enumeration from the model state_dict and a shared/per-subject table.,reviews/D_MSTCN_Rejected_Manuscript.pdf;reviews/D_MSTCN_IEEE_Access_Resubmission_Tracker_Completed.xlsx,blocked,implementation/configs and raw run artifacts unavailable; editable manuscript source unavailable
T2-04,R2,Rewrite the staleness counter semantics,correctness,P0,"Define Δ_b as branch parameter-version lag, not an informal step count. Increment the global version on optimizer updates, compute Δ_b=v_global-v_b, and reset/update versions after a successful synchronization.",N/A (non-experimental task),UNAVAILABLE: no source checkout supplied,Section III-D; Algorithm 1,State-transition table and deterministic counter unit tests.,reviews/D_MSTCN_Rejected_Manuscript.pdf;reviews/D_MSTCN_IEEE_Access_Resubmission_Tracker_Completed.xlsx,blocked,editable manuscript source unavailable
T2-05,R2,Explain HOLD-triggered synchronization versus periodic AllReduce,correctness,P0,"Use one synchronization rule: if HOLD or the periodic condition fires, perform one full affected-parameter synchronization, then reset/update all relevant version counters; HOLD takes precedence and duplicate synchronization is prohibited.",EXP-0.3;EXP-3.1;EXP-3.2,UNAVAILABLE: no source checkout supplied,Section III-D/E; Algorithm 1,Integration tests for simultaneous triggers; communication logs.,reviews/D_MSTCN_Rejected_Manuscript.pdf;reviews/D_MSTCN_IEEE_Access_Resubmission_Tracker_Completed.xlsx,blocked,implementation/configs and raw run artifacts unavailable; editable manuscript source unavailable
T2-06,R2,Define TCP behavior when branches are replicated for N > 3,systems,P0,"For N>3, define replicas only if implemented: reduce gradients within replicas of the same branch first, then apply the branch update/version rule. Otherwise cap reported execution at the actually implemented branch/aggregator layout and remove replication claims.",EXP-0.3;EXP-3.1;EXP-3.2;EXP-5.1,UNAVAILABLE: no source checkout supplied,Section III-C/D,Topology diagram; replica-gradient integration test; run configuration manifest.,reviews/D_MSTCN_Rejected_Manuscript.pdf;reviews/D_MSTCN_IEEE_Access_Resubmission_Tracker_Completed.xlsx,blocked,implementation/configs and raw run artifacts unavailable; editable manuscript source unavailable
T2-07,R2; R6,Explain how N = 16 was produced on an eight-GPU server,systems,P0,Delete the N=16 column and define N as physical GPU workers on the single eight-GPU server; never call those workers compute nodes.,EXP-6.2;EXP-6.3,UNAVAILABLE: no source checkout supplied,Section IV-E; Table 3,Hardware/process mapping and revised scaling table.,reviews/D_MSTCN_Rejected_Manuscript.pdf;reviews/D_MSTCN_IEEE_Access_Resubmission_Tracker_Completed.xlsx,blocked,implementation/configs and raw run artifacts unavailable; editable manuscript source unavailable
T2-08,R2,Replace universal EEG-timescale grounding with dataset-specific temporal rationale,data/leakage,P1,"Replace universal EEG/neuroscience grounding with sampling-aware, dataset-specific multi-resolution heuristics.",EXP-6.2;EXP-6.3,UNAVAILABLE: no source checkout supplied,"Sections III-A/B, VII-A",Dataset-specific receptive-field table and removal of unsupported EEG claims.,reviews/D_MSTCN_Rejected_Manuscript.pdf;reviews/D_MSTCN_IEEE_Access_Resubmission_Tracker_Completed.xlsx,blocked,implementation/configs and raw run artifacts unavailable; datasets/split manifests/label provenance unavailable; editable manuscript source unavailable
T2-09,R1; R2,State all assumptions required by the revised theoretical result,methodology,P0,"Because the convergence theorem is removed, replace proof assumptions with explicit operational assumptions for the version-lag proposition and empirical protocol.",EXP-4.3,UNAVAILABLE: no source checkout supplied,Section III-D; Appendix,Revised proposition and algorithm tests.,reviews/D_MSTCN_Rejected_Manuscript.pdf;reviews/D_MSTCN_IEEE_Access_Resubmission_Tracker_Completed.xlsx,blocked,implementation/configs and raw run artifacts unavailable; editable manuscript source unavailable
T2-10,R1; R2,Complete a valid proof or explicitly remove the convergence guarantee,correctness,P0,"Remove the proof sketch, square-root convergence rate and 'synchronous optimum' guarantee; do not claim Lian et al. applies to the masked estimator.",N/A (non-experimental task),UNAVAILABLE: no source checkout supplied,Section III-D; Appendix,No theorem/convergence wording remains; invariant checked by tests.,reviews/D_MSTCN_Rejected_Manuscript.pdf;reviews/D_MSTCN_IEEE_Access_Resubmission_Tracker_Completed.xlsx,blocked,editable manuscript source unavailable
T2-11,R3,Expand the analytical computational and communication complexity derivation,systems,P1,"Replace the coarse O(TDL_bK) expression with dimensionally correct forward/backward, memory and communication formulas, then reconcile them with profiling.",EXP-6.3,UNAVAILABLE: no source checkout supplied,Section III-F,"Symbolic derivation, profiler table and analytical-versus-measured byte reconciliation.",reviews/D_MSTCN_Rejected_Manuscript.pdf;reviews/D_MSTCN_IEEE_Access_Resubmission_Tracker_Completed.xlsx,blocked,implementation/configs and raw run artifacts unavailable; editable manuscript source unavailable
T2-12,R2; R3,"Add unit and integration tests for TCP, SAP, receptive field and parameter counts",correctness,P1,"Make tests part of the reproducibility package: receptive field, parameter count, counter transitions, simultaneous sync triggers, replica order and shape/gradient equivalence.",EXP-0.1;EXP-0.2;EXP-0.3;EXP-3.1;EXP-3.2,UNAVAILABLE: no source checkout supplied,Code / supplement,Passing test report from the locked commit.,reviews/D_MSTCN_Rejected_Manuscript.pdf;reviews/D_MSTCN_IEEE_Access_Resubmission_Tracker_Completed.xlsx,blocked,implementation/configs and raw run artifacts unavailable; editable manuscript source unavailable
V3-01,R3; R4,Audit StudentLife split for participant leakage,data/leakage,P0,Use subject-independent GroupKFold/stratified group evaluation for generalization claims; report any within-subject result separately.,EXP-1.1;EXP-1.2;EXP-4.1,UNAVAILABLE: no source checkout supplied,Section IV-A,Automated intersection check showing zero subject overlap; split manifest.,reviews/D_MSTCN_Rejected_Manuscript.pdf;reviews/D_MSTCN_IEEE_Access_Resubmission_Tracker_Completed.xlsx,blocked,implementation/configs and raw run artifacts unavailable; datasets/split manifests/label provenance unavailable; editable manuscript source unavailable
V3-02,R6,Clarify and correct the DAIC-WOZ 107/82 split,data/leakage,P0,"Replace the unexplained 107/82 split with the official DAIC-WOZ partition protocol: 107 train, 35 development, and 47 test; use the 47 test set only through an authorized label/evaluation path. Otherwise report train/development results or subject-grouped cross-validation on the labeled 142 sessions.",EXP-1.1;EXP-1.2;EXP-4.2,UNAVAILABLE: no source checkout supplied,Section IV-A,"Partition manifest, label provenance and rerun logs.",reviews/D_MSTCN_Rejected_Manuscript.pdf;reviews/D_MSTCN_IEEE_Access_Resubmission_Tracker_Completed.xlsx,blocked,implementation/configs and raw run artifacts unavailable; datasets/split manifests/label provenance unavailable; editable manuscript source unavailable
V3-03,R4; R3,Define how subject embeddings are handled for held-out and unseen subjects,data/leakage,P0,Separate seen-subject personalization from unseen-subject generalization. Unseen subjects receive a global/UNK embedding; few-shot adaptation uses only a declared support set excluded from evaluation.,N/A (non-experimental task),UNAVAILABLE: no source checkout supplied,Section III-B.4; IV; VIII,No test-subject IDs in training vocabulary; support/query separation check; cold-start table.,reviews/D_MSTCN_Rejected_Manuscript.pdf;reviews/D_MSTCN_IEEE_Access_Resubmission_Tracker_Completed.xlsx,blocked,datasets/split manifests/label provenance unavailable; editable manuscript source unavailable
V3-04,R3,Document the complete preprocessing pipeline,data/leakage,P1,Publish the full preprocessing pipeline with versioned parameters and fit every learned transform on training data only.,EXP-1.1;EXP-1.3,UNAVAILABLE: no source checkout supplied,Section IV-A; Supplement,End-to-end preprocessing command and checksum-matched output manifest.,reviews/D_MSTCN_Rejected_Manuscript.pdf;reviews/D_MSTCN_IEEE_Access_Resubmission_Tracker_Completed.xlsx,blocked,implementation/configs and raw run artifacts unavailable; datasets/split manifests/label provenance unavailable; editable manuscript source unavailable
V3-05,R3,Audit forward-fill and imputation for temporal leakage,data/leakage,P0,Permit forward fill only within each subject/session using past observations; reset at split/session boundaries and add missing indicators. Never backward-fill from future data.,EXP-1.2;EXP-1.3,UNAVAILABLE: no source checkout supplied,Section IV-A,Leakage unit tests and imputation sensitivity table.,reviews/D_MSTCN_Rejected_Manuscript.pdf;reviews/D_MSTCN_IEEE_Access_Resubmission_Tracker_Completed.xlsx,blocked,implementation/configs and raw run artifacts unavailable; datasets/split manifests/label provenance unavailable; editable manuscript source unavailable
V3-06,R3,Audit overlapping windows and duplicate temporal content across splits,data/leakage,P1,Split by subject/session before generating windows and prohibit overlapping raw timesteps across folds; use an exclusion gap if a chronological within-subject split is reported.,EXP-1.1;EXP-1.2,UNAVAILABLE: no source checkout supplied,Section IV-A,Interval-overlap audit with zero cross-split overlap.,reviews/D_MSTCN_Rejected_Manuscript.pdf;reviews/D_MSTCN_IEEE_Access_Resubmission_Tracker_Completed.xlsx,blocked,implementation/configs and raw run artifacts unavailable; datasets/split manifests/label provenance unavailable; editable manuscript source unavailable
V3-07,R3,Report class distributions and imbalance handling,methodology,P1,"Report class counts by split and subject plus per-class precision, recall and F1; document weighting/sampling and threshold selection.",EXP-4.4,UNAVAILABLE: no source checkout supplied,Section IV; Results,Counts reconcile with split manifest and confusion matrices.,reviews/D_MSTCN_Rejected_Manuscript.pdf;reviews/D_MSTCN_IEEE_Access_Resubmission_Tracker_Completed.xlsx,blocked,implementation/configs and raw run artifacts unavailable; editable manuscript source unavailable
V3-08,R3; R6,"Specify seeds, determinism settings and repeated-run protocol",statistics,P1,Use an identical preregistered seed list across paired methods and document deterministic flags and remaining nondeterminism.,EXP-5.10,UNAVAILABLE: no source checkout supplied,Section IV-D,Config files and run manifest with common seed IDs.,reviews/D_MSTCN_Rejected_Manuscript.pdf;reviews/D_MSTCN_IEEE_Access_Resubmission_Tracker_Completed.xlsx,blocked,implementation/configs and raw run artifacts unavailable; editable manuscript source unavailable
V3-09,R2; R3,"Reconcile subjects, sessions, windows and labelled-sample counts",data/leakage,P1,"Reconcile subjects, sessions, windows, timesteps and labels in one accounting table and stop treating windows as independent participants.",N/A (non-experimental task),UNAVAILABLE: no source checkout supplied,Section IV-A; Introduction,Counts reproduce from preprocessing logs and sum to model inputs.,reviews/D_MSTCN_Rejected_Manuscript.pdf;reviews/D_MSTCN_IEEE_Access_Resubmission_Tracker_Completed.xlsx,blocked,datasets/split manifests/label provenance unavailable; editable manuscript source unavailable
V3-10,Editor,"Confirm dataset permissions, ethics statements and clinical-claim boundaries",administrative,P2,"Describe outputs as research classification/screening signals, not diagnosis; confirm dataset terms and ethics approvals/waivers.",EXP-4.3,UNAVAILABLE: no source checkout supplied,Section IV-A; Limitations,Dataset agreements/ethics statement reviewed by both authors.,reviews/D_MSTCN_Rejected_Manuscript.pdf;reviews/D_MSTCN_IEEE_Access_Resubmission_Tracker_Completed.xlsx,blocked,implementation/configs and raw run artifacts unavailable; datasets/split manifests/label provenance unavailable; editable manuscript source unavailable; author/institutional confirmation required
E4-01,R2; R6,Audit fairness of all baseline configurations,baseline,P0,"Rebuild baseline comparisons with matched splits, preprocessing, effective batch size, training budget and seed list; tune learning rate for each effective batch regime.",EXP-2.2;EXP-2.3,UNAVAILABLE: no source checkout supplied,Section IV-B/D,"Config diff, tuning log and paired-run table.",reviews/D_MSTCN_Rejected_Manuscript.pdf;reviews/D_MSTCN_IEEE_Access_Resubmission_Tracker_Completed.xlsx,blocked,implementation/configs and raw run artifacts unavailable; editable manuscript source unavailable
E4-02,R1; R2; R6,Run controlled DDP experiments that isolate the proposed temporal-inconsistency mechanism,methodology,P0,"Run the causal-mechanism matrix (matched batch/LR; chronological vs random; stateful vs stateless; overlap vs no overlap). If no stable interaction supports the mechanism, delete the causal explanation.",EXP-3.1,UNAVAILABLE: no source checkout supplied,Results; Discussion VII-C,"EX-01 logs, paired statistics and interaction plot.",reviews/D_MSTCN_Rejected_Manuscript.pdf;reviews/D_MSTCN_IEEE_Access_Resubmission_Tracker_Completed.xlsx,blocked,implementation/configs and raw run artifacts unavailable; editable manuscript source unavailable
E4-03,R2; R3; R6,Run true multi-node experiments if the distributed scope is retained,systems,P0,"Under the chosen single-server scope, do not claim true multi-node validation and do not require new cluster results for the core resubmission. Add physical-host experiments only if the authors reverse DEC-01 and can execute them rigorously.",N/A (non-experimental task),UNAVAILABLE: no source checkout supplied,Section IV-E; V-B,Final manuscript contains no physical multi-node performance claim.,reviews/D_MSTCN_Rejected_Manuscript.pdf;reviews/D_MSTCN_IEEE_Access_Resubmission_Tracker_Completed.xlsx,blocked,editable manuscript source unavailable
E4-04,R2; R3,Add synthetic or replicated longitudinal workloads at larger scale,methodology,P1,Do not use synthetic workloads to support predictive validity. Optional synthetic scaling may appear only as a clearly labeled systems stress test; population-scale language remains removed.,EXP-3.3;EXP-6.2;EXP-6.3,UNAVAILABLE: no source checkout supplied,Section IV/V; Supplement,"Generator/configs and explicit synthetic labels, or confirmation that the claims were removed.",reviews/D_MSTCN_Rejected_Manuscript.pdf;reviews/D_MSTCN_IEEE_Access_Resubmission_Tracker_Completed.xlsx,blocked,implementation/configs and raw run artifacts unavailable; editable manuscript source unavailable
E4-05,R2; R6,"Benchmark bandwidth, RTT, jitter, packet loss and straggler sensitivity",systems,P1,"Treat traffic shaping as single-host sensitivity analysis only. If retained, test bandwidth and added RTT with repeated runs; jitter, loss and stragglers are optional unless robustness is claimed.",N/A (non-experimental task),UNAVAILABLE: no source checkout supplied,Section V-B; Limitations,"tc command/config, repeated timing logs and revised limitation.",reviews/D_MSTCN_Rejected_Manuscript.pdf;reviews/D_MSTCN_IEEE_Access_Resubmission_Tracker_Completed.xlsx,blocked,editable manuscript source unavailable
E4-06,R6,Repeat throughput and efficiency measurements,statistics,P1,"Use warm-up plus at least 10 timed repetitions for headline throughput and 5-10 for secondary configurations; report mean, SD, 95% CI and tail latency where relevant.",EXP-6.1;EXP-6.3,UNAVAILABLE: no source checkout supplied,Section IV-E; V-B,Raw timings and reproducible aggregation script.,reviews/D_MSTCN_Rejected_Manuscript.pdf;reviews/D_MSTCN_IEEE_Access_Resubmission_Tracker_Completed.xlsx,blocked,implementation/configs and raw run artifacts unavailable; editable manuscript source unavailable
E4-07,R3,"Report parameters, FLOPs, peak GPU memory and inference latency",systems,P1,"Profile parameters, MACs/FLOPs, peak training/inference memory and batch-1/batch-N latency for D-MSTCN and main baselines on the same hardware/input shapes.",EXP-0.2;EXP-6.2;EXP-6.3,UNAVAILABLE: no source checkout supplied,Complexity; Results,Profiler traces and table reconciled with parameter enumeration.,reviews/D_MSTCN_Rejected_Manuscript.pdf;reviews/D_MSTCN_IEEE_Access_Resubmission_Tracker_Completed.xlsx,blocked,implementation/configs and raw run artifacts unavailable; editable manuscript source unavailable
E4-08,R3,Ablate alternative dilation schedules,baseline,P1,"Compare the submitted schedules with at least two defensible alternatives and one data-adaptive option if feasible; report realized temporal span, not EEG labels.",EXP-5.3,UNAVAILABLE: no source checkout supplied,Section VI,EX-05 configs and paired results.,reviews/D_MSTCN_Rejected_Manuscript.pdf;reviews/D_MSTCN_IEEE_Access_Resubmission_Tracker_Completed.xlsx,blocked,implementation/configs and raw run artifacts unavailable; editable manuscript source unavailable
E4-09,R3,Ablate number of branches and kernel sizes,baseline,P1,Ablate 1/2/3 branches and K=3/5 with parameter-matched controls where feasible; do not infer branch necessity solely from leave-one-out variants.,EXP-5.1,UNAVAILABLE: no source checkout supplied,Section VI,EX-06 results and configs.,reviews/D_MSTCN_Rejected_Manuscript.pdf;reviews/D_MSTCN_IEEE_Access_Resubmission_Tracker_Completed.xlsx,blocked,implementation/configs and raw run artifacts unavailable; editable manuscript source unavailable
E4-10,R3,Compare CSAG with alternative fusion mechanisms,baseline,P1,"Compare CSAG against fixed average, scalar gate, concatenation+MLP and one credible attention fusion under matched parameter/training budgets.",EXP-5.2;EXP-5.9,UNAVAILABLE: no source checkout supplied,Section VI,EX-07 run table and model definitions.,reviews/D_MSTCN_Rejected_Manuscript.pdf;reviews/D_MSTCN_IEEE_Access_Resubmission_Tracker_Completed.xlsx,blocked,implementation/configs and raw run artifacts unavailable; editable manuscript source unavailable
E4-11,R3,Compare FiLM with lightweight personalization alternatives,baseline,P1,"Compare FiLM with a no-personalization global model, a small residual adapter and limited fine-tuning; include LoRA only if its insertion points are technically meaningful.",EXP-5.5;EXP-5.6,UNAVAILABLE: no source checkout supplied,Section VI; Discussion,EX-08 configs and support-set manifest.,reviews/D_MSTCN_Rejected_Manuscript.pdf;reviews/D_MSTCN_IEEE_Access_Resubmission_Tracker_Completed.xlsx,blocked,implementation/configs and raw run artifacts unavailable; editable manuscript source unavailable
E4-12,R3; R4,Evaluate personalization for unseen subjects,data/leakage,P0,Evaluate unseen subjects with a global/UNK embedding and leakage-free k-shot adaptation; report seen-subject results separately.,EXP-5.5;EXP-5.6,UNAVAILABLE: no source checkout supplied,Section IV/VI/VIII,EX-09 results; support/query leakage test.,reviews/D_MSTCN_Rejected_Manuscript.pdf;reviews/D_MSTCN_IEEE_Access_Resubmission_Tracker_Completed.xlsx,blocked,implementation/configs and raw run artifacts unavailable; datasets/split manifests/label provenance unavailable; editable manuscript source unavailable
E4-13,R2; R3,Redesign the significance-testing plan,statistics,P0,"Withdraw every current p<0.05 marker based on five paired seeds. Use at least 10 paired independent runs for headline tests, exact two-sided Wilcoxon, paired effect sizes/CIs and Holm correction across multiple headline comparisons.",N/A (non-experimental task),UNAVAILABLE: no source checkout supplied,Section IV-C/D; Tables 2–5,Statistics script with raw paired scores and reproducible output.,reviews/D_MSTCN_Rejected_Manuscript.pdf;reviews/D_MSTCN_IEEE_Access_Resubmission_Tracker_Completed.xlsx,blocked,editable manuscript source unavailable
E4-14,R2; R3,Re-run headline comparisons with sufficient seeds,statistics,P1,Rerun D-MSTCN and the strongest baselines on the corrected splits using a common 10+ seed list; report all runs and failures.,EXP-5.10,UNAVAILABLE: no source checkout supplied,Table 2,"Run manifest, raw scores and regenerated Table 2.",reviews/D_MSTCN_Rejected_Manuscript.pdf;reviews/D_MSTCN_IEEE_Access_Resubmission_Tracker_Completed.xlsx,blocked,implementation/configs and raw run artifacts unavailable; editable manuscript source unavailable
E4-15,R3; R6,Add 95% confidence intervals and effect sizes,statistics,P1,"Report 95% CIs for metrics and paired differences plus a paired effect size; emphasize practical magnitude, not p-values alone.",EXP-4.3,UNAVAILABLE: no source checkout supplied,Results; Supplement,Auditable statistical notebook/script.,reviews/D_MSTCN_Rejected_Manuscript.pdf;reviews/D_MSTCN_IEEE_Access_Resubmission_Tracker_Completed.xlsx,blocked,implementation/configs and raw run artifacts unavailable; editable manuscript source unavailable
E4-16,R1; R2,Expand δ_max and T_sync sensitivity analysis,methodology,P1,"Run a two-dimensional δ_max × T_sync grid and report F1, throughput, measured bytes and synchronization frequency; interpret it operationally, not as validation of a removed theorem.",N/A (non-experimental task),UNAVAILABLE: no source checkout supplied,Section VI-B,"Grid configs, raw metrics and revised figure.",reviews/D_MSTCN_Rejected_Manuscript.pdf;reviews/D_MSTCN_IEEE_Access_Resubmission_Tracker_Completed.xlsx,blocked,editable manuscript source unavailable
E4-17,R2; R6,Validate communication-volume calculations with instrumentation,systems,P1,Instrument actual communication and reconcile it with the corrected analytical formula per step and epoch.,EXP-6.3,UNAVAILABLE: no source checkout supplied,Section III-F; Figure 5,NCCL/profiler traces and aggregation script.,reviews/D_MSTCN_Rejected_Manuscript.pdf;reviews/D_MSTCN_IEEE_Access_Resubmission_Tracker_Completed.xlsx,blocked,implementation/configs and raw run artifacts unavailable; editable manuscript source unavailable
E4-18,R3,Prepare an anonymized code and reproducibility package before resubmission,reproducibility,P1,Release an anonymized reproducibility package before resubmission or provide a stable review artifact; exclude restricted raw datasets and include acquisition instructions/checksums.,N/A (non-experimental task),UNAVAILABLE: no source checkout supplied,Data/code availability,Archive URL/DOI or private reviewer link and checksum manifest.,reviews/D_MSTCN_Rejected_Manuscript.pdf;reviews/D_MSTCN_IEEE_Access_Resubmission_Tracker_Completed.xlsx,blocked,editable manuscript source unavailable
W5-01,R2; R3; R6,Rewrite title and abstract after the structural decisions and reruns,writing,P0,Rewrite title/abstract around multi-scale modeling plus single-server branch-parallel multi-GPU execution; include only rerun-validated numbers and no theorem/first/population-scale language.,N/A (non-experimental task),UNAVAILABLE: no source checkout supplied,Title; Abstract,Final abstract numbers trace to logs and match tables exactly.,reviews/D_MSTCN_Rejected_Manuscript.pdf;reviews/D_MSTCN_IEEE_Access_Resubmission_Tracker_Completed.xlsx,blocked,editable manuscript source unavailable
W5-02,R3,"Rewrite the contribution list as falsifiable, evidence-backed statements",writing,P1,"Reduce contributions to falsifiable items: (1) multi-scale TCN/CSAG architecture, (2) branch-parallel single-server execution with defined version-lag control if retained, and (3) leakage-controlled evaluation including cold start. List personalization separately only if supported.",EXP-4.3,UNAVAILABLE: no source checkout supplied,Section I-C,Contribution-evidence crosswalk.,reviews/D_MSTCN_Rejected_Manuscript.pdf;reviews/D_MSTCN_IEEE_Access_Resubmission_Tracker_Completed.xlsx,blocked,implementation/configs and raw run artifacts unavailable; editable manuscript source unavailable
W5-03,R1; R2; R6,Rewrite the temporal-causality problem statement narrowly and formally,correctness,P0,Define any temporal-consistency problem only for a specified asynchronous/stateful training process; otherwise describe DDP differences empirically without causal language.,EXP-0.4;EXP-3.1;EXP-4.3,UNAVAILABLE: no source checkout supplied,"Sections I-B, II-C",Terminology/claim audit plus EX-01 evidence if mechanism retained.,reviews/D_MSTCN_Rejected_Manuscript.pdf;reviews/D_MSTCN_IEEE_Access_Resubmission_Tracker_Completed.xlsx,blocked,implementation/configs and raw run artifacts unavailable; editable manuscript source unavailable
W5-04,R3,Add a closest-method comparison table,baseline,P1,"Add a verified closest-method table spanning multi-scale temporal models, branch/model/pipeline parallelism, asynchronous training and lightweight personalization.",N/A (non-experimental task),UNAVAILABLE: no source checkout supplied,Section II,Table entries checked against official/full primary sources.,reviews/D_MSTCN_Rejected_Manuscript.pdf;reviews/D_MSTCN_IEEE_Access_Resubmission_Tracker_Completed.xlsx,blocked,editable manuscript source unavailable
W5-05,R3,Remove or substantiate all 'first' and 'guarantee' language,methodology,P1,"Remove unsupported 'first', 'guarantee', 'near-linear', 'population-scale', 'neuroscientifically grounded' and causal-proof language.",N/A (non-experimental task),UNAVAILABLE: no source checkout supplied,Entire manuscript,Search log with zero unapproved strong terms.,reviews/D_MSTCN_Rejected_Manuscript.pdf;reviews/D_MSTCN_IEEE_Access_Resubmission_Tracker_Completed.xlsx,blocked,editable manuscript source unavailable
W5-06,R2; R3; R6,Expand the limitations section with concrete boundaries,writing,P1,"Expand limitations to state: single-server hardware, no physical cluster evidence, small datasets, corrected split scope, fixed schedules, StudentLife context cap, cold start, aggregator bottleneck and non-clinical use.",N/A (non-experimental task),UNAVAILABLE: no source checkout supplied,Section VIII,Limitations-to-claims cross-check.,reviews/D_MSTCN_Rejected_Manuscript.pdf;reviews/D_MSTCN_IEEE_Access_Resubmission_Tracker_Completed.xlsx,blocked,editable manuscript source unavailable
W5-07,R3,Add a practical deployment discussion,methodology,P1,"Separate training topology from inference. Describe inference as a single fused model unless distributed inference is actually implemented; discuss new-subject UNK/few-shot path, privacy and failure handling.",N/A (non-experimental task),UNAVAILABLE: no source checkout supplied,Discussion,Measured latency table and deployment diagram consistent with code.,reviews/D_MSTCN_Rejected_Manuscript.pdf;reviews/D_MSTCN_IEEE_Access_Resubmission_Tracker_Completed.xlsx,blocked,editable manuscript source unavailable
W5-08,R3,Qualify the CSAG attention interpretation,methodology,P2,"Describe CSAG weights as descriptive post-hoc behavior, not causal explanation or proof of branch importance.",EXP-5.2;EXP-5.9,UNAVAILABLE: no source checkout supplied,Section VII-B,Revised captions/text and ablation cross-reference.,reviews/D_MSTCN_Rejected_Manuscript.pdf;reviews/D_MSTCN_IEEE_Access_Resubmission_Tracker_Completed.xlsx,blocked,implementation/configs and raw run artifacts unavailable; editable manuscript source unavailable
W5-09,R2; R3; R6,Rewrite the conclusion to match the final scope,writing,P1,"Rewrite the conclusion after reruns; report only validated predictive results and single-server GPU-worker speedup, then list physical clusters/adaptive scales/cold start as future work.",N/A (non-experimental task),UNAVAILABLE: no source checkout supplied,Section IX,Conclusion-to-abstract/table consistency check.,reviews/D_MSTCN_Rejected_Manuscript.pdf;reviews/D_MSTCN_IEEE_Access_Resubmission_Tracker_Completed.xlsx,blocked,editable manuscript source unavailable
W5-10,R1,Prepare a respectful rebuttal to the 58.7 reading error,writing,P1,"Use a factual, non-defensive correction for the 58.7 reading while acknowledging legibility and provenance improvements.",N/A (non-experimental task),UNAVAILABLE: no source checkout supplied,Response letter,PDF page and final response page/line; provenance log.,reviews/D_MSTCN_Rejected_Manuscript.pdf;reviews/D_MSTCN_IEEE_Access_Resubmission_Tracker_Completed.xlsx,blocked,editable manuscript source unavailable
W5-11,R1,Handle the alleged Algorithm 1 'date' typo as a rendering clarification,correctness,P2,"Clarify that Algorithm 1 contains Δ_b += 1, not a 'date' token, while accepting that rasterization/spacing made it hard to read.",N/A (non-experimental task),UNAVAILABLE: no source checkout supplied,Algorithm 1; Response letter,Source/PDF visual comparison at 100% and print size.,reviews/D_MSTCN_Rejected_Manuscript.pdf;reviews/D_MSTCN_IEEE_Access_Resubmission_Tracker_Completed.xlsx,blocked,editable manuscript source unavailable
W5-12,R5,Evaluate Reviewer 5's suggested citations individually,citation,P2,"Do not add suggested citations automatically. Evaluate each against a specific revised claim; decline irrelevant suggestions politely. The provided tracker does not include the three citation details, so final per-paper decisions require the original review text.",N/A (non-experimental task),UNAVAILABLE: no source checkout supplied,Related Work; Response letter,Original Reviewer 5 citation list plus official records and claim mapping.,reviews/D_MSTCN_Rejected_Manuscript.pdf;reviews/D_MSTCN_IEEE_Access_Resubmission_Tracker_Completed.xlsx,blocked,editable manuscript source unavailable
W5-13,Editor,"Add page, section and line references to every reviewer response",citation,P1,"Use one response block per original comment with concern, decision, action, evidence and final page/line references.",N/A (non-experimental task),UNAVAILABLE: no source checkout supplied,Response letter,Response matrix with no blank comment/location fields.,reviews/D_MSTCN_Rejected_Manuscript.pdf;reviews/D_MSTCN_IEEE_Access_Resubmission_Tracker_Completed.xlsx,blocked,editable manuscript source unavailable
F6-01,R2,"Remove the 'VOLUME 4, 2016' placeholder throughout",writing,P2,"Remove the 'VOLUME 4, 2016' placeholder from every page using the current IEEE Access template settings.",N/A (non-experimental task),UNAVAILABLE: no source checkout supplied,All pages,15-page visual QA or final-page count equivalent.,reviews/D_MSTCN_Rejected_Manuscript.pdf;reviews/D_MSTCN_IEEE_Access_Resubmission_Tracker_Completed.xlsx,blocked,editable manuscript source unavailable
F6-02,R4,Fix Table 2 and Table 5 headers and labels,writing,P2,"Rebuild Tables 2 and 5 with unambiguous headers, spaced ablation names and readable vector text.",N/A (non-experimental task),UNAVAILABLE: no source checkout supplied,Tables 2 and 5,Print-size visual check and accessible text extraction.,reviews/D_MSTCN_Rejected_Manuscript.pdf;reviews/D_MSTCN_IEEE_Access_Resubmission_Tracker_Completed.xlsx,blocked,editable manuscript source unavailable
F6-03,R1,Re-export architectural diagrams and algorithms as vector graphics,correctness,P1,Export Figures 1-3 and Algorithm 1 as true vector PDF/SVG-compatible assets with embedded fonts.,N/A (non-experimental task),UNAVAILABLE: no source checkout supplied,Figures 1–3; Algorithm 1,pdffonts/vector inspection and page render at 100%/150%.,reviews/D_MSTCN_Rejected_Manuscript.pdf;reviews/D_MSTCN_IEEE_Access_Resubmission_Tracker_Completed.xlsx,blocked,editable manuscript source unavailable
F6-04,R4,Standardize table and figure notation,correctness,P2,"Standardize GPU worker/process/branch/replica terms, symbols, decimal precision, CI notation and units across every table and figure.",N/A (non-experimental task),UNAVAILABLE: no source checkout supplied,All figures/tables,Automated text search plus manual figure/table audit.,reviews/D_MSTCN_Rejected_Manuscript.pdf;reviews/D_MSTCN_IEEE_Access_Resubmission_Tracker_Completed.xlsx,blocked,editable manuscript source unavailable
F6-05,R4,Complete the guide's author biography,administrative,P3,"Complete Dr. Basavaraj Hiremath's biography only from author-confirmed degree field, institution and year; do not infer missing details.",N/A (non-experimental task),UNAVAILABLE: no source checkout supplied,Author biography,Written author approval of exact biography text.,reviews/D_MSTCN_Rejected_Manuscript.pdf;reviews/D_MSTCN_IEEE_Access_Resubmission_Tracker_Completed.xlsx,blocked,editable manuscript source unavailable; author/institutional confirmation required
F6-06,R1; R3,"Run a full notation, grammar and cross-reference audit",citation,P2,"Run a final human-led notation, grammar and cross-reference audit after all scientific edits, not before.",N/A (non-experimental task),UNAVAILABLE: no source checkout supplied,Entire manuscript,Compilation log with no undefined references plus signed QA checklist.,reviews/D_MSTCN_Rejected_Manuscript.pdf;reviews/D_MSTCN_IEEE_Access_Resubmission_Tracker_Completed.xlsx,blocked,editable manuscript source unavailable
F6-07,Editor,"Inspect the final PDF at 100%, 150% and print view",writing,P2,"Inspect the clean and highlighted PDFs page-by-page at 100%, 150% and print scale after the portal conversion.",N/A (non-experimental task),UNAVAILABLE: no source checkout supplied,Final PDF,Dated PDF QA checklist with two-person sign-off.,reviews/D_MSTCN_Rejected_Manuscript.pdf;reviews/D_MSTCN_IEEE_Access_Resubmission_Tracker_Completed.xlsx,blocked,editable manuscript source unavailable
F6-08,R1; R3,Prepare a structured supplementary appendix,methodology,P2,"Use a supplement for extended protocols, tests, hyperparameters, statistics and extra ablations; do not place the withdrawn convergence proof there.",N/A (non-experimental task),UNAVAILABLE: no source checkout supplied,Supplement,Supplement table of contents and cross-reference audit.,reviews/D_MSTCN_Rejected_Manuscript.pdf;reviews/D_MSTCN_IEEE_Access_Resubmission_Tracker_Completed.xlsx,blocked,editable manuscript source unavailable
S7-01,Editor,Create a reviewer-comment master matrix,writing,P0,Use this Master Tracker as the canonical comment-to-action matrix; no reviewer comment may be omitted or merged without an explicit mapping.,N/A (non-experimental task),UNAVAILABLE: no source checkout supplied,Response package,Reviewer Matrix and Master Tracker completeness check.,reviews/D_MSTCN_Rejected_Manuscript.pdf;reviews/D_MSTCN_IEEE_Access_Resubmission_Tracker_Completed.xlsx,blocked,editable manuscript source unavailable
S7-02,Editor,Write the formal response-to-reviewers document,writing,P0,"Write the response from the populated decision/justification/change columns, using accept/partial/rebut stances and never claiming an experiment is complete before evidence exists.",N/A (non-experimental task),UNAVAILABLE: no source checkout supplied,Response package,Final response document reconciled row-by-row with tracker.,reviews/D_MSTCN_Rejected_Manuscript.pdf;reviews/D_MSTCN_IEEE_Access_Resubmission_Tracker_Completed.xlsx,blocked,editable manuscript source unavailable
S7-03,Editor,Produce the highlighted-changes PDF,writing,P0,Generate the highlighted PDF only from the locked final source and highlight every substantive and language change without obscuring content.,N/A (non-experimental task),UNAVAILABLE: no source checkout supplied,Submission file,Clean/highlighted text and page-structure comparison.,reviews/D_MSTCN_Rejected_Manuscript.pdf;reviews/D_MSTCN_IEEE_Access_Resubmission_Tracker_Completed.xlsx,blocked,editable manuscript source unavailable
S7-04,Editor,Produce the clean LaTeX/Word source and PDF,writing,P0,Compile the clean manuscript and source from the same locked tag as all evidence and response locations.,N/A (non-experimental task),UNAVAILABLE: no source checkout supplied,Submission file,Reproducible clean build and file manifest.,reviews/D_MSTCN_Rejected_Manuscript.pdf;reviews/D_MSTCN_IEEE_Access_Resubmission_Tracker_Completed.xlsx,blocked,editable manuscript source unavailable
S7-05,Editor,Complete the IEEE Access resubmission checklist,administrative,P0,Complete the current IEEE Access resubmission checklist immediately before upload and record evidence for every item.,N/A (non-experimental task),UNAVAILABLE: no source checkout supplied,Submission package,Dated checklist and portal screenshots/confirmation.,reviews/D_MSTCN_Rejected_Manuscript.pdf;reviews/D_MSTCN_IEEE_Access_Resubmission_Tracker_Completed.xlsx,blocked,editable manuscript source unavailable
S7-06,All,Run an independent internal re-review against the original reviewer comments,methodology,P0,Commission an independent red-team review using the original comments and reject any retained claim without a traceable source/result.,N/A (non-experimental task),UNAVAILABLE: no source checkout supplied,All files,Red-team log and closure sign-off.,reviews/D_MSTCN_Rejected_Manuscript.pdf;reviews/D_MSTCN_IEEE_Access_Resubmission_Tracker_Completed.xlsx,blocked,editable manuscript source unavailable
S7-07,Editor,Obtain final guide and coauthor approval,administrative,P0,"Require final approval from both authors for scope, withdrawn theorem, reference replacements, results, disclosure and response tone.",N/A (non-experimental task),UNAVAILABLE: no source checkout supplied,All files,Dated written approvals.,reviews/D_MSTCN_Rejected_Manuscript.pdf;reviews/D_MSTCN_IEEE_Access_Resubmission_Tracker_Completed.xlsx,blocked,editable manuscript source unavailable; author/institutional confirmation required
S7-08,Editor,Run a similarity check on the final manuscript,administrative,P1,Run a similarity check after the final rewrite and manually assess each flagged passage; correct improper overlap without paraphrasing standard terminology artificially.,N/A (non-experimental task),UNAVAILABLE: no source checkout supplied,Clean manuscript,Similarity report and adjudication log.,reviews/D_MSTCN_Rejected_Manuscript.pdf;reviews/D_MSTCN_IEEE_Access_Resubmission_Tracker_Completed.xlsx,blocked,editable manuscript source unavailable
S7-09,Editor,Verify portal metadata against the manuscript,administrative,P1,"Make portal metadata identical to the final manuscript: title, abstract, author order, affiliations, ORCIDs, keywords and corresponding email.",N/A (non-experimental task),UNAVAILABLE: no source checkout supplied,Portal,Signed metadata checklist.,reviews/D_MSTCN_Rejected_Manuscript.pdf;reviews/D_MSTCN_IEEE_Access_Resubmission_Tracker_Completed.xlsx,blocked,datasets/split manifests/label provenance unavailable; editable manuscript source unavailable
S7-10,Editor,Create a final immutable submission archive before upload,reproducibility,P0,"Create an immutable pre-upload archive containing source, clean/highlighted PDFs, response, supplement, evidence manifest and checksums.",N/A (non-experimental task),UNAVAILABLE: no source checkout supplied,Archive,Archive checksum and portal confirmation.,reviews/D_MSTCN_Rejected_Manuscript.pdf;reviews/D_MSTCN_IEEE_Access_Resubmission_Tracker_Completed.xlsx,blocked,editable manuscript source unavailable
S7-11,Editor,Perform a two-person portal review before clicking submit,administrative,P1,Perform a two-person review of files downloaded/rendered from the portal before final submission.,N/A (non-experimental task),UNAVAILABLE: no source checkout supplied,Portal,Two-person portal sign-off.,reviews/D_MSTCN_Rejected_Manuscript.pdf;reviews/D_MSTCN_IEEE_Access_Resubmission_Tracker_Completed.xlsx,blocked,editable manuscript source unavailable
